section,title,offence,definition,description,punishment,keywords,related_sections
302,Punishment for murder,Murder,Punishment for murder,Section 302 provided the punishment for murder under the Indian Penal Code.,Death or imprisonment for life and fine,murder killing death life imprisonment,300
304A,Causing death by negligence,Death by negligence,Causing death through a negligent or rash act,Section 304A dealt with causing death by a rash or negligent act not amounting to culpable homicide.,Imprisonment or fine or both,negligence accident death rash driving,279
323,Punishment for voluntarily causing hurt,Voluntarily causing hurt,Causing bodily pain or injury voluntarily,Section 323 provided punishment for voluntarily causing hurt.,Imprisonment or fine or both,hurt injury beating assault physical harm,319 320
324,Voluntarily causing hurt by dangerous weapons,Hurt by dangerous weapons,Causing hurt using dangerous weapons or means,Section 324 dealt with voluntarily causing hurt by dangerous weapons or means.,Imprisonment or fine or both,weapon injury hurt knife dangerous weapon,323
325,Punishment for voluntarily causing grievous hurt,Grievous hurt,Causing serious bodily injury voluntarily,Section 325 provided punishment for voluntarily causing grievous hurt.,Imprisonment and fine,grievous hurt serious injury assault,320 323
354,Assault or criminal force to woman,Assault against woman,Assault or use of criminal force against a woman,Section 354 dealt with assault or criminal force against a woman with intent to outrage her modesty.,Imprisonment and fine,woman assault criminal force modesty harassment,350
378,Theft,Theft,Dishonestly taking movable property out of another person's possession without consent,Section 378 defined the offence of theft under the Indian Penal Code.,Punishment provided under Section 379,theft stealing stolen property movable property,379
379,Punishment for theft,Theft punishment,Punishment for committing theft,Section 379 provided punishment for theft.,Imprisonment or fine or both,theft punishment stealing property,378
406,Punishment for criminal breach of trust,Criminal breach of trust,Dishonest use or disposal of property entrusted to a person,Section 406 provided punishment for criminal breach of trust.,Imprisonment or fine or both,breach trust property money entrusted,405
415,Cheating,Cheating,Dishonestly or fraudulently deceiving a person,Section 415 defined cheating and dishonest or fraudulent inducement.,Punishment provided under relevant IPC provisions,cheating fraud deception dishonest inducement,420
420,Cheating and dishonestly inducing delivery of property,Cheating and fraud,Cheating a person and dishonestly inducing delivery of property,Section 420 dealt with cheating and dishonest inducement involving delivery of property or valuable security.,Imprisonment and fine,cheating fraud property money deception dishonest,415
441,Criminal trespass and house-trespass,Criminal trespass,Entering property with intent to commit an offence or intimidate insult or annoy,Section 441 defined criminal trespass and house-trespass.,Punishment provided under Section 447,trespass property entering land criminal entry,447
447,Punishment for criminal trespass,Criminal trespass punishment,Punishment for criminal trespass,Section 447 provided punishment for criminal trespass.,Imprisonment or fine or both,trespass punishment property entering,441
499,Defamation,Defamation,Making or publishing an imputation concerning a person with intent to harm reputation,Section 499 defined defamation under the Indian Penal Code.,Punishment provided under Section 500,defamation reputation insult statement publication,500
500,Punishment for defamation,Defamation punishment,Punishment for defamation,Section 500 provided punishment for defamation.,Imprisonment or fine or both,defamation punishment reputation insult,499
503,Criminal intimidation,Criminal intimidation,Threatening a person with injury to person reputation or property,Section 503 defined criminal intimidation under the Indian Penal Code.,Punishment provided under Section 506,threat intimidation threatening fear injury reputation property,506
506,Punishment for criminal intimidation,Criminal intimidation punishment,Punishment for criminal intimidation,Section 506 provided punishment for criminal intimidation.,Imprisonment or fine or both,threat intimidation punishment criminal threat,503
509,Word gesture or act intended to insult modesty of a woman,Insulting modesty of woman,Words sounds gestures or acts intended to insult the modesty of a woman,Section 509 dealt with words gestures or acts intended to insult the modesty of a woman.,Imprisonment or fine or both,woman insult words gesture modesty harassment,354