section,title,offence,description,punishment,keywords
302,Punishment for murder,Murder,"Section 302 dealt with punishment for murder under the Indian Penal Code.","Death or imprisonment for life and fine","murder killing death life imprisonment"
304A,Causing death by negligence,Causing death by negligence,"Section 304A dealt with causing death by a negligent or rash act not amounting to culpable homicide.","Imprisonment or fine or both","negligence accident death rash driving"
323,Voluntarily causing hurt,Causing hurt,"Section 323 dealt with punishment for voluntarily causing hurt.","Imprisonment or fine or both","hurt injury beating assault"
324,Voluntarily causing hurt by dangerous weapons,Hurt using dangerous weapons,"Section 324 dealt with voluntarily causing hurt by dangerous weapons or means.","Punishment as provided under the IPC","weapon injury hurt"
325,Voluntarily causing grievous hurt,Grievous hurt,"Section 325 dealt with punishment for voluntarily causing grievous hurt.","Imprisonment and fine","grievous hurt serious injury"
354,Assault or criminal force to woman,Assault against woman,"Section 354 dealt with assault or use of criminal force against a woman with specified intent.","Imprisonment and fine as provided by law","woman assault criminal force"
378,Theft,Theft,"Section 378 defined theft as dishonestly moving movable property out of another person's possession without consent.","Punishment provided under Section 379","theft stealing stolen property"
379,Punishment for theft,Theft,"Section 379 provided punishment for theft.","Imprisonment or fine or both","theft punishment stealing"
406,Criminal breach of trust,Criminal breach of trust,"Section 406 dealt with punishment for criminal breach of trust.","Imprisonment or fine or both","breach trust property"
415,Cheating,Cheating,"Section 415 defined cheating and dishonest or fraudulent inducement.","Punishment provided under relevant IPC provisions","cheating fraud deception"
420,Cheating and dishonestly inducing delivery of property,Cheating,"Section 420 dealt with cheating and dishonestly inducing delivery of property.","Imprisonment and fine","cheating fraud property money"
441,Criminal trespass,Criminal trespass,"Section 441 defined criminal trespass and house-trespass.","Punishment provided under relevant IPC provisions","trespass property entering"
447,Punishment for criminal trespass,Criminal trespass,"Section 447 provided punishment for criminal trespass.","Imprisonment or fine or both","trespass punishment property"
499,Defamation,Defamation,"Section 499 dealt with the offence of defamation.","Punishment provided under Section 500","defamation reputation insult"
500,Punishment for defamation,Defamation,"Section 500 provided punishment for defamation.","Imprisonment or fine or both","defamation punishment reputation"
503,Criminal intimidation,Criminal intimidation,"Section 503 defined criminal intimidation.","Punishment provided under Section 506","threat intimidation threatening"
506,Punishment for criminal intimidation,Criminal intimidation,"Section 506 provided punishment for criminal intimidation.","Imprisonment or fine or both, depending on circumstances","threat intimidation punishment"
509,Word gesture or act intended to insult modesty of woman,Insulting modesty of woman,"Section 509 dealt with words, gestures or acts intended to insult the modesty of a woman.","Imprisonment or fine or both","woman insult words gesture modesty"
